,theme_id,content,count
0,0,思念,89
1,0,想你,53
2,0,爱,97
3,0,弯弯的,2
4,0,幸福,29
5,0,鹊桥,25
6,0,相思,28
7,0,祝福,24
8,0,快乐,92
9,0,爱情,17
10,0,心,79
11,0,亲爱的,22
12,0,想起,5
13,0,看见,2
14,0,依旧,7
15,0,美丽,10
16,0,永远,20
17,0,织女,17
18,0,不语,1
19,0,岁月,8
20,0,心中,12
21,0,等,7
22,0,回忆,7
23,0,距离,6
24,0,想到,3
25,0,笑,9
26,0,甜蜜,16
27,0,多情,1
28,0,佳节,10
29,0,当初,2
30,0,天上人间,2
31,0,好想你,5
32,0,见到,3
33,0,银河,15
34,0,爱人,5
35,0,想念,13
36,0,会,26
37,0,星月,1
38,0,归路,2
39,0,相逢,4
40,0,温柔,7
41,0,思亦难,3
42,0,心灵,4
43,0,晓月寒,3
44,0,爱恋,13
45,0,佳期,3
46,0,想我,4
47,0,归来,2
48,0,牵挂,12
49,0,守护,2
50,0,月光,5
51,0,一生,13
52,0,人生,5
53,0,相见,6
54,0,想见,3
55,0,柔情似水,3
56,0,长夜漫漫,3
57,0,忧伤,7
58,0,心间,4
59,0,牛郎,18
60,0,月亮,10
61,0,星空,4
62,0,心事,1
63,0,明亮,4
64,0,爱你,21
65,0,爱意,10
66,0,怀念,4
67,0,分隔,1
68,0,天长地久,1
69,0,相约,5
70,0,柔情,6
71,0,胸膛,1
72,0,含情,1
73,0,笑容,2
74,0,难舍难分,2
75,0,记忆,2
76,0,表白,4
77,0,花朵,2
78,0,私语,1
79,0,永久,4
80,0,时光,5
81,0,璀璨,1
82,0,缠缠绵绵,3
83,0,婀娜,1
84,0,千山万水,1
85,0,天涯地角,1
86,0,相依,6
87,0,盼望,1
88,0,温暖,5
89,0,现身,1
90,0,遇见,3
91,0,拥抱,2
92,0,善良,1
93,0,此情,1
94,0,相会,6
95,0,目光,1
96,0,时空,1
97,0,朝朝暮暮,6
98,0,变迁,1
99,0,人间,9
100,0,真情,6
101,0,眼泪,1
102,0,海里,2
103,0,玉簪,2
104,0,容颜,3
105,0,孤单,5
106,0,心船,2
107,0,多年,1
108,0,身姿,1
109,0,慢慢,2
110,0,不弃,2
111,0,月,46
112,0,巧克力,2
113,0,星河,2
114,0,深情,5
115,0,甜甜的,1
116,0,雨天,1
117,0,喜鹊,5
118,0,承诺,1
119,0,我爱你,8
120,0,云烟,2
121,0,梦里,1
122,0,孤独,3
123,0,共度,2
124,0,望穿秋水,1
125,0,相思树,1
126,0,一世,7
127,0,背影,1
128,0,此生,1
129,0,牵手,2
130,0,吻,6
131,0,不离,3
132,0,期盼,4
133,0,宝贝,2
134,0,圣洁,1
135,0,眷恋,6
136,0,一直,2
137,0,挚爱,2
138,0,欣悦,1
139,0,初吻,1
140,0,迷失,1
141,0,远方,3
142,0,繁星点点,2
143,0,缘分,2
144,0,追寻,2
145,0,地老天荒,1
146,0,忧,9
147,0,诉说,2
148,0,悄悄话,1
149,0,天涯海角,3
150,0,漫漫长夜,1
151,0,时刻,2
152,0,愉快,2
153,0,不变,9
154,0,浓情,2
155,0,美好,3
156,0,温馨,4
157,0,人儿,1
158,0,期待,4
159,0,流星,4
160,0,相遇,5
161,0,情侣,4
162,0,飞吻,1
163,0,情谊,5
164,0,誓言,1
165,0,等待,4
166,0,甜,25
167,0,晨昏,2
168,0,终生,1
169,0,缱绻,4
170,0,爱上,3
171,0,彩霞,1
172,0,精心,1
173,0,一举一动,1
174,0,明月,4
175,0,激烈,1
176,0,大海,2
177,0,喊出,1
178,0,约定,1
179,0,孤枕难眠,1
180,0,眼光,2
181,0,星星,3
182,1,眼红,1
183,1,痴情,4
184,1,佳人,3
185,1,真情,2
186,1,格式化,1
187,1,人生,1
188,1,搂搂抱抱,1
189,1,玉帝,2
190,1,善男信女,2
191,1,相约,1
192,1,心情,3
193,1,同学会,1
194,1,鲜花,1
195,1,天体,1
196,1,女孩子,1
197,1,至宝,1
198,1,阁下,1
199,1,毛绒绒,1
200,1,头发,1
201,1,战胜,1
202,1,瘦马,1
203,1,游击战,1
204,1,痴心,1
205,1,真爱,3
206,1,小女孩,1
207,1,月宫,1
208,1,中国,5
209,1,香水,1
210,1,小姐,1
211,1,美如画,1
212,1,蜗居,1
213,1,盛会,1
214,1,王母娘娘,4
215,1,不见不散,2
216,1,牛哥七妹,1
217,1,云南,1
218,1,漫漫,1
219,1,好想你,1
220,1,温柔,4
221,1,辛苦,1
222,1,女朋友,1
223,1,老婆大人,1
224,1,活泼,1
225,1,美丽,2
226,1,爱上你,2
227,1,嫩草,1
228,1,妙不可言,2
229,1,身材苗条,1
230,1,日新月异,1
231,1,美貌,2
232,1,惨不忍睹,1
233,1,快乐,65
234,1,神经兮兮,1
235,1,无情,2
236,1,圣旨,1
237,1,爱情,28
238,1,知己,1
239,1,兔子,1
240,1,遥指,1
241,1,斗士,1
242,1,好友,1
243,1,小孩,1
244,1,含蓄,2
245,1,想我,2
246,1,飞吻,1
247,1,王母,5
248,1,心照不宣,2
249,1,鹊桥,11
250,1,癞蛤蟆,2
251,1,情歌,1
252,1,最美,1
253,1,浪漫,9
254,1,盼星星,1
255,1,紧急通知,1
256,1,大树,1
257,1,王子,2
258,1,玉皇大帝,3
259,1,绿草,1
260,1,知情人,3
261,1,高富帅,1
262,1,唯一,1
263,1,情话,1
264,1,夫妻,2
265,1,暧昧,1
266,1,礼物,1
267,1,随缘,1
268,1,牛郎织女,14
269,1,福气,1
270,1,茫茫人海,1
271,1,飞星,1
272,1,炸弹,1
273,1,嫦娥,6
274,1,单身,6
275,1,夕阳西下,1
276,1,巧克力,6
277,1,花瓶,1
278,1,帅哥,2
279,1,仙女,2
280,1,筷子,1
281,1,甜蜜,14
282,1,沉得住气,1
283,1,深情,1
284,1,星空,1
285,1,钻戒,1
286,1,约会,11
287,1,公主,1
288,1,哥们,4
289,1,拿破仑,1
290,1,红绳,2
291,1,喜鹊,5
292,1,老牛,1
293,1,维纳斯,1
294,1,我爱你,2
295,1,伤心,1
296,1,有缘人,1
297,1,柔情似水,1
298,1,红娘,1
299,1,鹊桥相会,5
300,1,思念,6
301,1,星宿,2
302,1,寒夜,1
303,1,西湖,1
304,1,朋友,10
305,1,胆大,2
306,1,无味,2
307,1,不凡,1
308,1,特别,1
309,1,绵羊,1
310,1,亲爱的,10
311,1,姑娘,1
312,1,自由,1
313,1,男人,1
314,1,理想,1
315,1,才子佳人,1
316,1,今非昔比,1
317,1,一朵花,3
318,1,忠诚,1
319,1,直接,2
320,1,老婆,5
321,1,宝贝,2
322,1,八戒,1
323,1,大黄蜂,2
324,1,小男孩,1
325,1,幸福,13
326,1,欣悦,1
327,1,灰太狼,3
328,1,寂寞,1
329,1,红太狼,1
330,1,脸颊,1
331,1,爱你,10
332,1,简单,1
333,1,痴男怨女,2
334,1,雪莱,1
335,1,喜洋洋,1
336,1,真心,3
337,1,丰富,1
338,1,宅女,1
339,1,陪伴,3
340,1,牛郎,34
341,1,笑哈哈,1
342,1,亲吻,2
343,1,月亮,2
344,1,痴痴地,1
345,1,努力,2
346,1,请客吃饭,1
347,1,节日快乐,2
348,1,距离,2
349,1,耍赖皮,2
350,1,人见人爱,1
351,1,幸福快乐,2
352,1,芳草,2
353,1,装疯卖傻,1
354,1,丘比特,4
355,1,色狼,1
356,1,姻缘,3
357,1,天气,2
358,1,缘分,1
359,1,安眠药,2
360,1,愉快,1
361,1,玫瑰,6
362,1,骄傲,1
363,1,亲近,1
364,1,成双成对,1
365,1,美好,3
366,1,美女,5
367,1,曹操,1
368,1,茵茵,1
369,1,陶醉,1
370,1,算命先生,1
371,1,好心肠,1
372,1,钻石,1
373,1,短小精干,1
374,1,温馨,2
375,1,流星,1
376,1,白痴,2
377,1,胆小,3
378,1,够意思,1
379,1,太帅,1
380,1,腐女,1
381,1,社会,2
382,1,默契,2
383,1,玉女,1
384,1,蚊子,2
385,1,速度,1
386,1,热情,3
387,1,猛烈,1
388,1,想你,6
389,1,来者不拒,1
390,1,战俘,1
391,1,牵线,1
392,1,广寒宫,2
393,1,情人,37
394,1,小草,1
395,1,桃花,1
396,1,牢靠,1
397,1,爱人,2
398,1,女童鞋,1
399,1,偷走,1
400,1,见你,4
401,4,爱慕,1
402,4,吹散,1
403,4,窃喜,1
404,4,凝聚,1
405,4,平安,8
406,4,毛绒绒,1
407,4,永不分离,3
408,4,乐园,4
409,4,佳人,5
410,4,话剧,1
411,4,王子,2
412,4,涟漪,5
413,4,追随,2
414,4,千山万水,3
415,4,相思豆,1
416,4,难以,4
417,4,爱意,39
418,4,细水长流,2
419,4,相随,6
420,4,鲜花,5
421,4,林荫,1
422,4,之恋,4
423,4,有情有义,3
424,4,无条件,1
425,4,相盼,2
426,4,眼中,3
427,4,有滋有味,1
428,4,抱住,1
429,4,鲜艳,1
430,4,分分秒秒,3
431,4,真爱,24
432,4,尽情,3
433,4,人潮,1
434,4,依赖,2
435,4,炎热,1
436,4,飞翔,2
437,4,大树,1
438,4,难舍难分,2
439,4,水晶之恋,2
440,4,喜怒哀乐,1
441,4,欣赏,4
442,4,乞巧,3
443,4,来生,4
444,4,往年,2
445,4,无怨无悔,2
446,4,女朋友,1
447,4,惆怅,6
448,4,安静,1
449,4,往往,1
450,4,青山,3
451,4,终究,1
452,4,相知,15
453,4,爱恋,35
454,4,心颤,2
455,4,点滴,8
456,4,坎坷,3
457,4,遮雨,1
458,4,遥寄,1
459,4,丈夫,1
460,4,起誓,1
461,4,妖娆,1
462,4,靓影,1
463,4,一表人才,1
464,4,快乐,344
465,4,蜜蜂,2
466,4,雨蒙蒙,1
467,4,贴心,1
468,4,憨厚,1
469,4,尽心尽力,1
470,4,欢喜,4
471,4,美丽动人,1
472,4,难过,3
473,4,舒爽,1
474,4,爱情,112
475,4,未来,16
476,4,想要,1
477,4,艳丽,2
478,4,年年岁岁,2
479,4,灵犀,10
480,4,改变,18
481,4,朝暮,16
482,4,吸引,2
483,4,花丛,3
484,4,如期而至,1
485,4,五彩,1
486,4,拥抱,9
487,4,熊熊燃烧,1
488,4,相看,1
489,4,执子之手,6
490,4,靠近,2
491,4,思绪,4
492,4,千言万语,2
493,4,弥漫,5
494,4,依依,2
495,4,牵挂,23
496,4,小小的,2
497,4,月儿,5
498,4,夜空,5
499,4,秋月,2
500,4,江山,5
501,4,靓妹,1
502,4,往事如烟,1
503,4,灵气,1
504,4,知晓,1
505,4,回望,1
506,4,轻绵,1
507,4,生死相依,1
508,4,月光,9
509,4,刻骨铭心,2
510,4,好伴侣,2
511,4,单纯,1
512,4,冷月,1
513,4,舞动,2
514,4,涓涓,1
515,4,牢记,4
516,4,脑海,5
517,4,花海,2
518,4,昼夜,1
519,4,怀抱,6
520,4,幸运,4
521,4,开心,25
522,4,繁华,1
523,4,礼物,5
524,4,一分一秒,1
525,4,心无隙,1
526,4,喜不自胜,1
527,4,月盈,1
528,4,山无陵,2
529,4,一点一滴,2
530,4,花言巧语,1
531,4,牛郎织女,66
532,4,福气,3
533,4,曙光,1
534,4,笑意,1
535,4,笑开颜,1
536,4,闭上眼睛,2
537,4,生生世世,6
538,4,小手,2
539,4,心许,2
540,4,脸庞,1
541,4,情爱,4
542,4,眷侣,1
543,4,断肠人,1
544,4,牵手,18
545,4,关心,1
546,4,老虎,1
547,4,约会,8
548,4,诺言,4
549,4,公主,2
550,4,光芒四射,1
551,4,谈恋爱,2
552,4,百年,4
553,4,一束花,1
554,4,熟悉,1
555,4,喜鹊,25
556,4,欢愉,1
557,4,风筝,2
558,4,歌唱,2
559,4,甜美,6
560,4,彩霞,1
561,4,寒夜,2
562,4,独具匠心,2
563,4,胆大,1
564,4,风雨同舟,2
565,4,疼爱,1
566,4,奇缘,1
567,4,真的,21
568,4,心心相印,7
569,4,亲爱的,145
570,4,钻戒,1
571,4,秘密,3
572,4,健康,7
573,4,理想,2
574,4,迷恋,3
575,4,放不下,1
576,4,花前月下,2
577,4,知心,2
578,4,勇气,3
579,4,烛光,3
580,4,花开花落,1
581,4,挂念,5
582,4,坚强,1
583,4,怦然心动,1
584,4,相爱,36
585,4,婀娜,1
586,4,年华,2
587,4,飘香,2
588,4,白白的,3
589,4,希翼,1
590,4,脸颊,1
591,4,浪漫爱情,1
592,4,白头到老,1
593,4,执着,1
594,4,繁星点点,4
595,4,动情,1
596,4,黄昏,3
597,4,烟雨,1
598,4,祈愿,1
599,4,心不移,1
600,4,心跳,10
601,4,幸福生活,3
602,4,期望,1
603,4,陪伴,11
604,4,一万年,5
605,4,看尽,1
606,4,传情,12
607,4,细腻,1
608,4,一花一树,1
609,4,会面,1
610,4,沉思,2
611,4,一边,2
612,4,难以忘怀,2
613,4,谢谢,2
614,4,错过,7
615,4,照亮,4
616,4,月黑风高,1
617,4,织女,115
618,4,星空,12
619,4,笑脸,3
620,4,心海,1
621,4,光鲜,1
622,4,情真,5
623,4,漫漫长夜,1
624,4,美女,2
625,4,蝴蝶,2
626,4,漂亮,1
627,4,姻缘,3
628,4,愉快,7
629,4,感动,8
630,4,不变,41
631,4,成双成对,4
632,4,美好,18
633,4,快要,2
634,4,夏雨,5
635,4,欣欣,2
636,4,郁金香,1
637,4,天荒地老,5
638,4,相遇,14
639,4,美妙,4
640,4,无忧无虑,3
641,4,相逢,16
642,4,晴空万里,1
643,4,胆小,1
644,4,流年,5
645,4,永恒,8
646,4,誓言,25
647,4,锦绣,1
648,4,倾听,4
649,4,痴心,6
650,4,烟火,2
651,4,皎洁,6
652,4,最爱,9
653,4,咫尺天涯,1
654,4,赏月,3
655,4,无悔无怨,4
656,4,柔情蜜意,1
657,4,唯你,1
658,4,伤离别,1
659,4,一起,51
660,4,想你,99
661,4,天涯,10
662,4,芬芳,7
663,4,神圣,1
664,4,相依相偎,1
665,4,初见,2
666,4,珍视,1
667,4,连理,10
668,4,美眷,2
669,4,完美,4
670,4,可爱,10
671,4,相约,22
672,4,海誓山盟,3
673,4,天天见,1
674,4,守候,6
675,4,表达,6
676,4,匆匆,5
677,4,恩赐,1
678,4,优美,2
679,4,七世夫妻,1
680,4,冬雪,2
681,4,安康,2
682,4,永久,13
683,4,恋爱,3
684,4,春意,1
685,4,璀璨,10
686,4,叶子,1
687,4,桑田沧海,2
688,4,甜甜,10
689,4,风风雨雨,2
690,4,波澜不惊,2
691,4,成熟,2
692,4,圆满,2
693,4,永远,95
694,4,星雨,2
695,4,坚守,1
696,4,心意,12
697,4,伴儿,3
698,4,缘份,2
699,4,铭刻,2
700,4,朱莉叶,1
701,4,知足,2
702,4,心潮澎湃,1
703,4,如隔三秋,1
704,4,淑女,1
705,4,温存,1
706,4,年少,3
707,4,这辈子,2
708,4,芭比娃娃,1
709,4,夏娃,1
710,4,最美,21
711,4,一朵花,2
712,4,浪漫,62
713,4,心船,1
714,4,心房,3
715,4,用心,5
716,4,柔情,23
717,4,忠贞,2
718,4,心扉,4
719,4,情意绵绵,1
720,4,鸟语花香,1
721,4,安居乐业,1
722,4,今生今世,2
723,4,简单,6
724,4,嫦娥,1
725,4,心碎,4
726,4,飞吻,1
727,4,天意,2
728,4,动人,2
729,4,善良,3
730,4,深情,21
731,4,甜甜的,1
732,4,与众不同,1
733,4,简简单单,1
734,4,快快乐乐,2
735,4,暗许,1
736,4,送祝福,2
737,4,相亲相爱,3
738,4,珍藏,5
739,4,共苦,2
740,4,目光,1
741,4,视线,2
742,4,相濡以沫,1
743,4,感天动地,1
744,4,脾气,4
745,4,真纯,2
746,4,此生,10
747,4,无间,1
748,4,晶莹,4
749,4,不离,17
750,4,月影,1
751,4,寓言,2
752,4,诚挚,1
753,4,红通通,1
754,4,眷恋,9
755,4,光阴,1
756,4,欢声笑语,2
757,4,白头偕老,6
758,4,爱越,1
759,4,倾心,1
760,4,海枯石烂,7
761,4,多福,1
762,4,君心,1
763,4,美梦,2
764,4,紧握,2
765,4,真心,24
766,4,相守,18
767,4,同甘共苦,1
768,4,身材苗条,1
769,4,牛郎,115
770,4,永永远远,3
771,4,思慕,2
772,4,港湾,7
773,4,安定,1
774,4,依恋,5
775,4,久长,4
776,4,勇敢,1
777,4,滋润,5
778,4,快意,1
779,4,心弦,1
780,4,情缘,5
781,4,好想你,6
782,4,爱你,211
783,4,玫瑰,31
784,4,甜甜蜜蜜,3
785,4,相见恨晚,1
786,4,纯白,1
787,4,温馨,12
788,4,娇俏,1
789,4,情有独钟,1
790,4,喃喃细语,1
791,4,星光,7
792,4,珍惜,13
793,4,相思苦,5
794,4,邂逅,1
795,4,新娘,1
796,4,和睦相处,1
797,4,朦胧,2
798,4,安好,1
799,4,亲亲,5
800,4,遥遥相望,1
801,4,热情,7
802,4,终生,3
803,4,心不变,3
804,4,明眸,1
805,4,相思,56
806,4,妻子,1
807,4,热恋,4
808,4,霸道,1
809,4,默契,2
810,4,爱人,9
811,4,欢笑,4
812,4,长久,13
813,4,皓月,1
814,4,厮守,2
815,4,情意,19
816,4,诚意,1
817,4,感觉,12
818,4,锦瑟年华,1
819,4,铭记,1
820,4,柔婉,1
821,4,执手,5
822,4,含情脉脉,1
823,4,天空,8
824,4,落泪,1
825,4,心门,2
826,4,掌心,2
827,4,今宵,2
828,4,恋歌,1
829,4,慧星,1
830,4,心声,1
831,4,良辰美景,1
832,4,不散,8
833,4,美艳,2
834,4,慢慢,7
835,4,天窗,1
836,4,戒指,1
837,4,样子,1
838,4,眷属,1
839,4,连理枝,6
840,4,不见不散,4
841,4,青涩,3
842,4,温柔,24
843,4,脸红,1
844,4,情思,1
845,4,患难与共,1
846,4,美丽,59
847,4,恩恩爱爱,4
848,4,聚心,1
849,4,表白,8
850,4,名花,1
851,4,一点灵犀,1
852,4,比翼双飞,2
853,4,诉衷情,1
854,4,真挚,10
855,4,温暖,20
856,4,美满,3
857,4,美若天仙,1
858,4,动听,2
859,4,雨季,1
860,4,时光倒流,2
861,4,相望,4
862,4,福缘,1
863,4,一往情深,2
864,4,相思鸟,1
865,4,时空,6
866,4,妩媚,1
867,4,萦绕,2
868,4,细雨,8
869,4,鹊桥,118
870,4,开心果,1
871,4,真情,37
872,4,珍贵,3
873,4,烟花,1
874,4,星路,1
875,4,彩虹,8
876,4,纯情,1
877,4,天长地久,12
878,4,牵肠挂肚,1
879,4,情比金坚,1
880,4,同心,6
881,4,有情,28
882,4,少年,1
883,4,懵懂,1
884,4,岁岁年年,2
885,4,回味,3
886,4,阳光,12
887,4,情深意切,1
888,4,美貌,1
889,4,亲爱,146
890,4,鹊桥相会,18
891,4,多情,5
892,4,梦幻,1
893,4,卿卿我我,1
894,4,彩虹桥,1
895,4,期盼,22
896,4,鹊桥会,7
897,4,圣洁,5
898,4,明灯,2
899,4,花季,1
900,4,三生有幸,1
901,4,手牵手,3
902,4,甜蜜蜜,6
903,4,钟情,6
904,4,幸福,159
905,4,相聚一刻,1
906,4,心上人,3
907,4,感恩,1
908,4,挚爱,6
909,4,热爱,2
910,4,地久天长,5
911,4,缘分,12
912,4,柔弱,1
913,4,责任,2
914,4,真意,1
915,4,形影不离,2
916,4,平平安安,3
917,4,大眼,1
918,4,心潮起伏,1
919,4,恋人,7
920,4,迷醉,1
921,4,亲吻,4
922,4,满足,5
923,4,红玫瑰,3
924,4,至死不渝,2
925,4,明亮,6
926,4,真实,4
927,4,心底,15
928,4,绚丽,3
929,4,云卷云舒,2
930,4,初恋,2
931,4,相惜,2
932,4,笑容,11
933,4,痴痴地,1
934,4,相悦,7
935,4,义无反顾,3
936,4,心有灵犀,4
937,4,相恋,7
938,4,两情相悦,6
939,4,调皮,1
940,4,喜欢,15
941,4,忧愁,3
942,4,等待,19
943,4,旋律,3
944,4,一心一意,7
945,4,呼唤,4
946,4,无价,1
947,4,长相依,2
948,4,活力,1
949,4,彩排,2
950,4,凝眸,1
951,4,与子偕老,1
952,4,义无返顾,2
953,4,一举一动,2
954,4,宠爱,1
955,4,繁星,13
956,4,浓情蜜意,1
957,4,恩爱,11
958,4,心连心,1
959,4,眼神,4
960,4,约定,6
961,4,想念,19
962,4,倾情,1
963,4,温情,2
964,4,关爱,1
965,4,光芒,2
966,4,任性,1
967,4,傻傻的,1
968,4,痴情,12
969,4,风情,2
970,4,勤劳,1
971,4,祈福,1
972,4,惦记,6
973,4,深深地,2
974,4,星月,2
975,4,感谢,7
976,4,心地善良,1
977,4,爱妻,4
978,4,一生不变,6
979,4,心灵,7
980,4,心醉,2
981,4,青葱,1
982,4,老婆大人,1
983,4,爱上你,9
984,4,缠缠绵绵,10
985,4,妙不可言,1
986,4,无悔,14
987,4,避风港,1
988,4,悠悠,9
989,4,真诚,11
990,4,心里,34
991,4,盖世英雄,1
992,4,春夏秋冬,4
993,4,凝视,1
994,4,相依,18
995,4,愉悦,1
996,4,无怨,7
997,4,香甜,1
998,4,深切,1
999,4,狂热,2
1000,4,认真,3
1001,4,永远快乐,4
1002,4,呵护,8
1003,4,纯粹,1
1004,4,一辈子,22
1005,4,相伴,37
1006,4,相会,40
1007,4,炽热,3
1008,4,心动,4
1009,4,初吻,1
1010,4,心照不宣,1
1011,4,着迷,2
1012,4,朝朝暮暮,13
1013,4,守护,7
1014,4,玫瑰花,8
1015,4,青春永驻,1
1016,4,最佳,1
1017,4,恋慕,1
1018,4,灿烂,19
1019,4,比翼鸟,6
1020,4,细雨绵绵,2
1021,4,占领,1
1022,4,优秀,1
1023,4,心爱,7
1024,4,惬意,5
1025,4,高富帅,2
1026,4,点点滴滴,3
1027,4,盼望,4
1028,4,依靠,2
1029,4,体贴,8
1030,4,唯美,4
1031,4,甜蜜,97
1032,4,青春,11
1033,4,轻柔,1
1034,4,恋恋,1
1035,4,我爱你,66
1036,4,耳鬓厮磨,1
1037,4,娇嫩,1
1038,4,开开心心,1
1039,4,思念,149
1040,4,许愿,5
1041,4,背影,1
1042,4,始终不变,1
1043,4,守望,2
1044,4,帅哥美女,1
1045,4,花香,6
1046,4,忠实,1
1047,4,幽默,1
1048,4,流露,1
1049,4,开朗,1
1050,4,老婆,10
1051,4,宝贝,13
1052,4,缘定,3
1053,4,永驻,2
1054,4,芳影,1
1055,4,诉说,4
1056,4,天涯海角,5
1057,4,心疼,1
1058,4,心痛,1
1059,4,地老天荒,3
1060,4,喜悦,4
1061,4,心田,9
1062,4,味道,6
1063,4,余生,1
1064,4,依偎,4
1065,4,亲密,1
1066,4,柔情似水,5
1067,4,朝夕,11
1068,4,一瓣心香,1
1069,4,大美女,1
1070,4,轻抚,2
1071,4,岁月,25
1072,4,刻骨,3
1073,4,携手,19
1074,4,恋曲,1
1075,4,独一无二,2
1076,4,芳菲,1
1077,4,结伴同行,1
1078,4,今生,37
1079,4,牵念,1
1080,4,一生,79
1081,4,相见,14
1082,4,星语心愿,1
1083,4,承诺,16
1084,4,一见钟情,3
1085,4,发誓,1
1086,4,迷人,1
1087,4,怀念,5
1088,4,唯一,16
1089,4,陪你,13
1090,4,爱似海,1
1091,4,偷走,1
1092,4,当初情,2
1093,4,私语,3
1094,4,等你,13
1095,5,爱慕,1
1096,5,励志,1
1097,5,平安,23
1098,5,佳人,9
1099,5,王子,2
1100,5,惊喜,1
1101,5,善男信女,2
1102,5,暗恋,1
1103,5,爱意,7
1104,5,鲜花,3
1105,5,嘴巧,1
1106,5,相陪,2
1107,5,相盼,2
1108,5,有滋有味,1
1109,5,吉祥如意,2
1110,5,礼物,4
1111,5,成功,5
1112,5,真爱,17
1113,5,姐妹,1
1114,5,难舍难分,2
1115,5,聚聚,1
1116,5,无奈,2
1117,5,浪漫,37
1118,5,悠夕,2
1119,5,内涵,2
1120,5,星光灿烂,2
1121,5,日日夜夜,2
1122,5,点滴,1
1123,5,吃饭,5
1124,5,告饶,1
1125,5,吃饱,1
1126,5,妖娆,2
1127,5,点亮,2
1128,5,快乐,229
1129,5,发呆,2
1130,5,闪亮,1
1131,5,爱情,132
1132,5,豆蔻年华,1
1133,5,拥抱,6
1134,5,善良,2
1135,5,牵挂,18
1136,5,月儿,6
1137,5,敞亮,1
1138,5,月光,4
1139,5,贤惠,1
1140,5,前途,4
1141,5,幸运,6
1142,5,开心,38
1143,5,抱负,1
1144,5,繁华,2
1145,5,升迁,1
1146,5,理智,2
1147,5,纯爱,3
1148,5,乞巧,8
1149,5,珍贵,1
1150,5,巧克力,6
1151,5,帅哥,2
1152,5,购物,1
1153,5,喜庆,0
1154,5,气息,1
1155,5,牵手,3
1156,5,关心,6
1157,5,心语,1
1158,5,约会,10
1159,5,哥们,3
1160,5,单身男女,1
1161,5,谈恋爱,2
1162,5,熟悉,1
1163,5,秋月,1
1164,5,遥祝,2
1165,5,礼包,2
1166,5,色彩,1
1167,5,甜美,8
1168,5,胆大,2
1169,5,梁祝,3
1170,5,七色,3
1171,5,花语,1
1172,5,柔丽,1
1173,5,秘密,1
1174,5,深远,1
1175,5,雨滴,2
1176,5,健康,29
1177,5,理想,4
1178,5,礼品,5
1179,5,巧福,1
1180,5,勇气,1
1181,5,笑哈哈,1
1182,5,祝贺,1
1183,5,觅真爱,1
1184,5,远方,7
1185,5,执着,1
1186,5,富贵,1
1187,5,陪伴,4
1188,5,私语,2
1189,5,红绳,2
1190,5,儿女,1
1191,5,搞笑,1
1192,5,织女,62
1193,5,星空,5
1194,5,问侯,1
1195,5,美女,3
1196,5,姻缘,4
1197,5,愉快,7
1198,5,感动,7
1199,5,安逸,1
1200,5,美好,28
1201,5,相知,4
1202,5,心仪,4
1203,5,短小精干,1
1204,5,皆大欢喜,1
1205,5,恩爱夫妻,1
1206,5,相逢,2
1207,5,永恒,4
1208,5,誓言,4
1209,5,锦绣,1
1210,5,深沉,1
1211,5,皎洁,1
1212,5,良辰,2
1213,5,成长,1
1214,5,靓妹,1
1215,5,智慧,3
1216,5,芬芳,2
1217,5,害羞,1
1218,5,美妙,1
1219,5,孤家寡人,1
1220,5,悠然,1
1221,5,沉醉,1
1222,5,祝愿,20
1223,5,安康,3
1224,5,活泼,3
1225,5,恋爱,12
1226,5,钞票,6
1227,5,财运,1
1228,5,夏天,1
1229,5,甜甜,4
1230,5,称心如意,1
1231,5,柔挚,2
1232,5,永远,26
1233,5,星雨,2
1234,5,心意,2
1235,5,新鲜,1
1236,5,进步,1
1237,5,缘份,4
1238,5,知足,1
1239,5,女人,1
1240,5,仙女下凡,1
1241,5,天天开心,1
1242,5,梦想,3
1243,5,今非昔比,1
1244,5,最美,7
1245,5,柔情,8
1246,5,高薪,1
1247,5,财气,2
1248,5,简单,4
1249,5,嫦娥,5
1250,5,单身,12
1251,5,深情,5
1252,5,窝心,1
1253,5,甜甜的,1
1254,5,有爱,12
1255,5,快快乐乐,1
1256,5,无忧无虑,1
1257,5,送祝福,7
1258,5,珍藏,3
1259,5,佳节,32
1260,5,夫妻恩爱,2
1261,5,月影,1
1262,5,财源滚滚,3
1263,5,银霜,3
1264,5,诚挚,2
1265,5,绽放,1
1266,5,好人,1
1267,5,损友,1
1268,5,忆起,1
1269,5,朋友,49
1270,5,喜气洋洋,2
1271,5,今朝,3
1272,5,妙恋,2
1273,5,惦念,1
1274,5,白头偕老,1
1275,5,美貌,1
1276,5,姑娘,2
1277,5,鹊桥,50
1278,5,真心,26
1279,5,牛郎,64
1280,5,深厚,1
1281,5,好运,18
1282,5,滋润,1
1283,5,爱你,11
1284,5,玫瑰,11
1285,5,初恋,1
1286,5,笑呵呵,1
1287,5,美酒,2
1288,5,生意兴隆,4
1289,5,希冀,1
1290,5,关爱,2
1291,5,逛街,1
1292,5,纯粹,3
1293,5,美景,4
1294,5,热情,3
1295,5,热恋,7
1296,5,欢笑,10
1297,5,亲爱的,13
1298,5,香车宝马,1
1299,5,实在,3
1300,5,不见不散,2
1301,5,温柔,5
1302,5,喜笑颜开,3
1303,5,浓情,3
1304,5,保佑,1
1305,5,美丽,12
1306,5,好脾气,1
1307,5,和睦相处,1
1308,5,傻气,2
1309,5,幸福,158
1310,5,可爱,2
1311,5,心花怒放,1
1312,5,敏锐,1
1313,5,欢欢喜喜,1
1314,5,真挚,7
1315,5,温暖,7
1316,5,福气,2
1317,5,好友,2
1318,5,花团锦簇,3
1319,5,死党,1
1320,5,笑开颜,2
1321,5,宽容,2
1322,5,四喜,10
1323,5,真情,22
1324,5,友情,16
1325,5,魅力,1
1326,5,纯情,1
1327,5,桃花运,1
1328,5,花容月貌,1
1329,5,仙女,4
1330,5,步步高升,1
1331,5,云淡风轻,1
1332,5,笑容满面,1
1333,5,知音,1
1334,5,风流潇洒,1
1335,5,多情,7
1336,5,好男儿,1
1337,5,甜蜜蜜,6
1338,5,人见人爱,1
1339,5,挚爱,2
1340,5,如意,18
1341,5,形影不离,1
1342,5,俏丽,1
1343,5,旖旎,2
1344,5,红玫瑰,2
1345,5,努力,4
1346,5,请客吃饭,1
1347,5,幽默,1
1348,5,锦衣玉食,1
1349,5,相惜,1
1350,5,笑容,3
1351,5,坚贞,1
1352,5,时光,3
1353,5,调皮,2
1354,5,美梦成真,1
1355,5,身体健康,4
1356,5,恩爱,6
1357,5,温情,8
1358,5,发财,1
1359,5,痴情,4
1360,5,回忆,6
1361,5,真诚,5
1362,5,知己,2
1363,5,永远快乐,1
1364,5,青春年少,1
1365,5,含蓄,2
1366,5,心情舒畅,1
1367,5,玫瑰花,1
1368,5,欢乐,8
1369,5,细心,1
1370,5,顺心,2
1371,5,金榜题名,4
1372,5,开开心心,5
1373,5,关怀,5
1374,5,手巧,1
1375,5,事业,16
1376,5,情谊,16
1377,5,美好时光,2
1378,5,相识,1
1379,5,好福气,1
1380,5,情意浓,2
1381,5,明月,4
1382,5,味道,3
1383,5,喜从天降,1
1384,5,好心肠,1
1385,5,钻石,1
1386,5,真谛,1
1387,5,友谊,8
1388,5,清风,2
1389,5,做伴,1
1390,5,桃花,3
1391,5,巧手,1
1392,5,暖暖的,1
1393,5,葡萄,2
1394,9,情意,5
1395,9,心碎,1
1396,9,情感,1
1397,9,回眸,3
1398,9,佳人,1
1399,9,做梦,1
1400,9,重逢,1
1401,9,现在,7
1402,9,希望,16
1403,9,可爱,5
1404,9,一片,9
1405,9,不断,6
1406,9,知否,1
1407,9,相约,13
1408,9,心情,6
1409,9,默默,8
1410,9,祝福,27
1411,9,爱意,13
1412,9,悠闲,1
1413,9,鲜花,2
1414,9,君子好逑,1
1415,9,依旧,4
1416,9,回转,1
1417,9,心声,2
1418,9,相隔,2
1419,9,乞巧,1
1420,9,记得,2
1421,9,心怀,1
1422,9,长夜,3
1423,9,从前,1
1424,9,美美,1
1425,9,真爱,13
1426,9,跑不掉,1
1427,9,相逢,8
1428,9,松手,1
1429,9,眷属,1
1430,9,千万缕,1
1431,9,葡萄架,3
1432,9,明灯,2
1433,9,连理枝,1
1434,9,无法,7
1435,9,欢喜,1
1436,9,愿否,1
1437,9,回忆,4
1438,9,漫漫,5
1439,9,倾诉,1
1440,9,天各一方,1
1441,9,情怀,4
1442,9,相知,5
1443,9,恋爱,2
1444,9,美丽,20
1445,9,爱恋,10
1446,9,幸运地,1
1447,9,王母娘娘,1
1448,9,爱上你,11
1449,9,霓裳,1
1450,9,无悔,8
1451,9,得到,6
1452,9,真诚,2
1453,9,表白,8
1454,9,快乐,116
1455,9,名花,1
1456,9,清纯,1
1457,9,忠贞,2
1458,9,寤寐求之,1
1459,9,满意,1
1460,9,暗许,2
1461,9,永远,31
1462,9,苦恋,1
1463,9,愉悦,1
1464,9,星星,6
1465,9,心意,7
1466,9,真挚,3
1467,9,回应,3
1468,9,男孩,1
1469,9,爱情,34
1470,9,美的,2
1471,9,灵犀,3
1472,9,喜欢,14
1473,9,窈窕淑女,1
1474,9,遇见,8
1475,9,想见,1
1476,9,拥抱,4
1477,9,相伴,12
1478,9,赴约,1
1479,9,炽热,2
1480,9,遇到,8
1481,9,认识,3
1482,9,鹊桥,50
1483,9,灿烂,11
1484,9,男朋友,1
1485,9,浪漫,15
1486,9,鼓足勇气,1
1487,9,等到,1
1488,9,幸运,2
1489,9,柔情,4
1490,9,今夜,4
1491,9,开心,8
1492,9,一辈子,11
1493,9,牛郎织女,27
1494,9,简单,3
1495,9,天意,1
1496,9,甜蜜,25
1497,9,深情,6
1498,9,彗星,2
1499,9,甜甜的,1
1500,9,约会,3
1501,9,回味,2
1502,9,喜鹊,7
1503,9,相会,14
1504,9,我爱你,34
1505,9,云烟,2
1506,9,有缘人,1
1507,9,刻骨铭心,1
1508,9,人生路,1
1509,9,轻轻,5
1510,9,思念,37
1511,9,牵手,7
1512,9,白头,6
1513,9,相思树,1
1514,9,许愿,2
1515,9,佳节,11
1516,9,此生,3
1517,9,情浓,1
1518,9,期盼,6
1519,9,拥有,9
1520,9,勇气,5
1521,9,圣洁,2
1522,9,眷恋,1
1523,9,甜蜜蜜,3
1524,9,相爱,13
1525,9,精心,1
1526,9,幸福,52
1527,9,终身,2
1528,9,鸳鸯,5
1529,9,情深,3
1530,9,如意,2
1531,9,香醇,1
1532,9,心甘情愿,2
1533,9,痴痴,3
1534,9,相识,4
1535,9,在乎,2
1536,9,如愿,2
1537,9,感动,5
1538,9,感觉,6
1539,9,真心,10
1540,9,相守,6
1541,9,缺乏,1
1542,9,形影不离,2
1543,9,浓浓,6
1544,9,心愿,5
1545,9,心间,4
1546,9,牛郎,49
1547,9,月亮,6
1548,9,繁星,6
1549,9,错过,3
1550,9,织女,50
1551,9,星空,7
1552,9,愿意,15
1553,9,心底,10
1554,9,爱你,76
1555,9,玫瑰,8
1556,9,难以忘怀,1
1557,9,美好,6
1558,9,深深,8
1559,9,携手,5
1560,9,陶醉,3
1561,9,朝朝夕夕,1
1562,9,一生一世,7
1563,9,义无反顾,2
1564,9,温馨,3
1565,9,流星,6
1566,9,相恋,3
1567,9,希冀,1
1568,9,相怜,1
1569,9,相思,18
1570,9,誓言,11
1571,9,情丝,1
1572,9,锦绣,1
1573,9,不醉不归,1
1574,9,忘不了,1
1575,9,一心一意,4
1576,9,情书,1
1577,9,一起,34
1578,9,想你,20
1579,9,醉过,1
1580,9,明月,6
1581,9,不知不觉,2
1582,9,女孩,3
1583,9,丘比特,1
1584,9,共度,8
1585,9,桃花,1
1586,9,大海,2
1587,9,害羞,1
1588,9,银河,23
1589,9,眼神,3
1590,9,想念,3
1591,9,天上人间,1
1592,9,等你,8
1593,9,当初情,1
1594,9,相遇,7
1595,9,偷走,2
1596,9,心门,3
